gastos,descrip
"A001","Maíz en grano"
"A002","Harina de maíz"
"A003","Masa de maíz"
"A004","Tortilla de maíz"
"A005","Tostadas"
"A006","Otros productos de maíz"
"A007","Harina de trigo"
"A008","Tortilla de harina"
"A009","Pasta para sopa"
"A010","Galletas dulces"
"A011","Galletas saladas"
"A012","Pan blanco: bolillo, telera, baguete, etcétera"
"A013","Pan dulce en piezas"
"A014","Pan dulce empaquetado"
"A015","Pan para sándwich, hamburguesa, hot-dog y tostado"
"A016","Pasteles y pastelillos en piezas o a granel"
"A017","Pasteles y pastelillos empaquetados"
"A018","Otros productos de trigo"
"A019","Arroz en grano"
"A020","Otros productos de arroz"
"A021","Cereal de maíz, de trigo, de arroz, de avena, de granola, etcétera"
"A022","Botanas: frituras, palomitas, cheetos, doritos etcétera (excepto papas)"
"A023","Sopas instantáneas"
"A024","Otros cereales"
"A025","Bistec de res (de cualquier parte que se saque)"
"A026","Arrachera, filete"
"A027","Milanesa de res"
"A028","Chamorro de res"
"A029","Chuleta de costilla de res"
"A030","Agujas, aldilla, chambarete, diezmillo, espinazo, fajilla de res para asar, retazo, tampiqueña"
"A031","Cocido de res"
"A032","Cortes especiales de res"
"A033","Hamburguesas de res para asar"
"A034","Molida de res"
"A035","Pulpa de res en trozo"
"A036","Carne de otras partes de la res"
"A037","Vísceras de res"
"A038","Bistec de puerco (de cualquier parte que se saque)"
"A039","Pierna de puerco en trozo"
"A040","Pulpa de puerco en trozo"
"A041","Molida de puerco"
"A042","Costilla y chuleta de puerco"
"A043","Espaldilla de puerco"
"A044","Codillo de puerco"
"A045","Carne de otras partes del puerco"
"A046","Vísceras de puerco"
"A047","Carne enchilada"
"A048","Chicharrón de puerco"
"A049","Chorizo con cualquier condimento y color y longaniza"
"A050","Chuleta ahumada de puerco"
"A051","Machaca y carne seca"
"A052","Jamón de puerco"
"A053","Mortadela, queso de puerco y salami, bolonia de carnes surtidas"
"A054","Lardo procesado (tocino)"
"A055","Salchichas y salchichón"
"A056","Otras carnes procesadas"
"A057","Pierna, muslo o pechuga de pollo con hueso"
"A058","Pierna, muslo o pechuga de pollo sin hueso"
"A059","Pollo entero o en piezas excepto, pierna, muslo y pechuga"
"A060","Vísceras y otras partes del pollo"
"A061","Otras aves"
"A062","Chorizo de pollo, jamón y nugget, salchicha, mortadela, etcétera"
"A063","Borrego: carnero y borrego"
"A064","Chivo y cabrito"
"A065","Otras carnes: caballo, conejo, iguana, jabalí, rana, tortuga, venado"
"A066","Pescado entero limpio y sin limpiar"
"A067","Filete de pescado"
"A068","Atún enlatado"
"A069","Salmón y bacalao procesado"
"A070","Pescado ahumado, seco, nugget, sardina, etcétera"
"A071","Anguilas, angulas, hueva de pescado, mantarraya, pejelagarto, etcétera"
"A072","Camarón fresco"
"A073","Mariscos frescos"
"A074","Mariscos procesados"
"A075","Leche pasteurizada de vaca"
"A076","Leche condensada"
"A077","Leche evaporada"
"A078","Leche en polvo entera o descremada"
"A079","Leche modificada o maternizada"
"A080","Leche no pasteurizada (leche bronca)"
"A081","Otras leches: de burra, de cabra, de soya"
"A082","Queso amarillo en rebanadas o para untar"
"A083","Queso añejo y cotija"
"A084","Queso chihuahua"
"A085","Queso fresco"
"A086","Queso manchego"
"A087","Queso oaxaca o asadero"
"A088","Otros quesos"
"A089","Crema"
"A090","Mantequilla"
"A091","Bebidas fermentadas de leche"
"A092","Otros derivados de la leche"
"A093","Huevo de gallina blanco y rojo"
"A094","Otros huevos: codorniz, pata, pava etcétera"
"A095","Aceite vegetal: canola, cártamo, girasol, maíz, etcétera"
"A096","Aceite de coco, oliva, soya"
"A097","Margarina"
"A098","Manteca de puerco"
"A099","Manteca vegetal"
"A100","Otros aceites: de bacalao, de tiburón, de tortuga, enjundia"
"A101","Betabel y camote"
"A102","Papa"
"A103","Rábano"
"A104","Otros tubérculos"
"A105","Harina para puré de papa"
"A106","Papas fritas en bolsa o a granel"
"A107","Acelgas, espinacas y verdolagas"
"A108","Aguacate"
"A109","Ajo"
"A110","Brócoli"
"A111","Calabacita y calabaza"
"A112","Cebolla"
"A113","Chayote"
"A114","Chícharo"
"A115","Chile jalapeño"
"A116","Chile poblano"
"A117","Chile serrano"
"A118","Otros chiles"
"A119","Cilantro"
"A120","Col y repollo"
"A121","Ejote"
"A122","Elote"
"A123","Epazote"
"A124","Jitomate"
"A125","Lechuga"
"A126","Nopal"
"A127","Pepino"
"A128","Perejil y yerbabuena"
"A129","Tomate verde"
"A130","Zanahoria"
"A131","Otras verduras"
"A132","Germinados de maíz, de soya, de trigo"
"A133","Chiles envasados"
"A134","Chile secos o en polvo"
"A135","Verduras y legumbres envasadas"
"A136","Verduras y legumbres congeladas"
"A137","Frijol en grano"
"A138","Garbanzo en grano"
"A139","Haba amarilla o verde en grano"
"A140","Lenteja en grano"
"A141","Otras leguminosas en grano"
"A142","Frijol procesado"
"A143","Otras leguminosas procesadas"
"A144","Semillas a granel"
"A145","Semillas envasadas"
"A146","Semillas procesadas"
"A147","Anona, chirimoya, guanábana"
"A148","Cereza, frambuesa, fresa, zarzamora"
"A149","Chabacano, durazno, melocotón"
"A150","Chicozapote y mamey"
"A151","Ciruela y jobo"
"A152","Guayaba"
"A153","Lima"
"A154","Limón"
"A155","Mandarina, nectarina, tangerina"
"A156","Toronja"
"A157","Mango"
"A158","Manzana y perón"
"A159","Melón"
"A160","Naranja"
"A161","Papaya"
"A162","Pera"
"A163","Piña"
"A164","Pitahaya y tuna"
"A165","Plátano macho y de castilla"
"A166","Plátano verde y tabasco"
"A167","Otros plátanos (chiapas, dominico, guineo, manzano, dorado, portalimón y roatan)"
"A168","Sandía"
"A169","Uva"
"A170","Otras frutas: garambullo, granada, higo, jícama, kiwi, etcétera"
"A171","Frutas en almíbar y conserva"
"A172","Frutas cristalizadas, enchiladas y secas"
"A173","Azúcar blanca y morena"
"A174","Miel de abeja"
"A175","Otras azúcares y mieles"
"A176","Café tostado en grano molido"
"A177","Café tostado soluble"
"A178","Flor y hojas para té"
"A179","Té soluble (cualquier sabor)"
"A180","Chocolate en tableta"
"A181","Chocolate en polvo"
"A182","Otros chocolates"
"A183","Canela"
"A184","Clavo"
"A185","Yerbas de olor"
"A186","Concentrados de pollo y tomate"
"A187","Mayonesa"
"A188","Mole en pasta o en polvo"
"A189","Mostaza"
"A190","Pimienta"
"A191","Sal"
"A192","Salsas dulces y picantes"
"A193","Vinagre"
"A194","Otros aderezos, especies y salsas"
"A195","Cereal de arroz, avena, plátano, manzana, mixto para bebé"
"A196","Papillas para bebé"
"A197","Jugos de frutas y verduras de cualquier combinación para bebé"
"A198","Pizzas preparadas"
"A199","Carnitas"
"A200","Pollo rostizado"
"A201","Barbacoa y birria"
"A202","Otros alimentos preparados: atole, flautas, guisados, hot-dog, emparedados, sopas, tacos, tamales, tortas, sopes, menudo, pozole, arroz con leche, etc."
"A203","Hongos frescos: champiñones, huitlacoche y setas"
"A204","Insectos: chapulines, chinicuiles, escamoles, gusanos de maguey, hormigas (chicatana), jumiles"
"A205","Flanes, gelatinas y pudines en polvo"
"A206","Cajetas, dulces de leche, jamoncillos y natillas"
"A207","Ates, crema de cacahuate, jaleas, mermelada"
"A208","Helados, nieves y paletas de hielo"
"A209","Otras golosinas"
"A210","Molienda de nixtamal"
"A211","Otros gastos relacionados con la preparación de alimentos"
"A212","Alimentos y/o bebidas en paquete"
"A213","Alimento para animales domésticos"
"A214","Alimento para animales para uso del hogar"
"A215","Agua natural embotellada"
"A216","Agua mineral, quina, desmineralizada con o sin sabor"
"A217","Agua preparada y jugos naturales"
"A218","Jugos y néctares envasados"
"A219","Concentrados y polvos para preparar bebidas"
"A220","Refrescos de cola y de sabores"
"A221","Bebida energética"
"A222","Bebidas fermentadas de maíz, hielo, jarabe natural, lechuguilla, sangrita, tascalate, tepache y tuba"
"A223","Coñac y brandy"
"A224","Cerveza"
"A225","Anís (licor)"
"A226","Jerez"
"A227","Licor o cremas de frutas"
"A228","Aguamiel, pulque, tlachique"
"A229","Aguardiente, alcohol de caña, charanda, mezcal"
"A230","Ron añejo, blanco, con limón"
"A231","Rompope"
"A232","Sidra blanca y rosada"
"A233","Tequila añejo, azul y blanco"
"A234","Vino de mesa blanco, rosado, tinto"
"A235","Vodka"
"A236","Whisky"
"A237","Bebida alcohólica preparada"
"A238","Otras bebidas alcohólicas: champaña"
"A239","Cigarros"
"A240","Puros"
"A241","Tabaco en hoja y picado"
"A242","Despensa de alimentos que otorgan organizaciones privadas o de gobierno"
"A243","Desayuno"
"A244","Comida"
"A245","Cena"
"A246","Entrecomidas"
"A247","Otros eventos fuera de casa"
"B001","Metro o tren ligero"
"B002","Autobús"
"B003","Trolebús o metrobús"
"B004","Colectivo, combi o microbús"
"B005","Taxi, radio-taxi (sitio)"
"B006","Autobús foráneo"
"B007","Otros transportes: lancha, panga o peaje"
"C001","Detergentes (polvo, líquido, pasta, gel)"
"C002","Jabón de barra"
"C003","Blanqueadores"
"C004","Suavizantes de telas"
"C005","Limpiadores (en polvo o líquido)"
"C006","Servilletas y papel absorbente"
"C007","Platos y vasos desechables, papel aluminio y encerado"
"C008","Escobas, trapeadores, recogedor"
"C009","Fibras, estropajos, escobetas, pinzas para ropa, lazos"
"C010","Jergas y trapos de cocina"
"C011","Cerillos"
"C012","Pilas"
"C013","Focos"
"C014","Cera y limpia muebles"
"C015","Insecticidas líquido, en polvo, pastilla, raid eléctrico"
"C016","Desodorante ambiental y sanitario"
"C017","Recipientes de lámina (cubetas, tinas, etcétera)"
"C018","Recipientes de plástico (cubetas, tinas, mangueras, etcétera)"
"C019","Otros artículos"
"C020","Servicio doméstico"
"C021","Lavandería"
"C022","Tintorería"
"C023","Jardinería"
"C024","Otros servicios: fumigación, etcétera"
"D001","Jabón de tocador"
"D002","Lociones y perfumes"
"D003","Pasta dental y enjuague bucal"
"D004","Hilo y cepillo dental"
"D005","Champús, enjuagues, tratamiento para el cabello"
"D006","Tintes y líquidos para permanente"
"D007","Desodorante y talco"
"D008","Bronceadores y bloqueadores"
"D009","Crema para el cuerpo, para la cara y tratamiento facial"
"D010","Gel, spray, mousse para el cabello"
"D011","Crema para afeitar y rastrillos"
"D012","Cosméticos, polvo y maquillaje sombra, lápiz labial, delineador de ojos, etcétera"
"D013","Esmalte para uñas"
"D014","Papel sanitario, pañuelos desechables"
"D015","Toallas sanitarias"
"D016","Pañales desechables"
"D017","Artículos de tocador para bebé"
"D018","Cepillos y peines"
"D019","Artículos eléctricos: rasuradora, secadora, etcétera"
"D020","Reparación y/o mantenimiento de los artículos anteriores"
"D021","Otros: donas y mariposas para el cabello, limas de uñas, pasadores, etcétera"
"D022","Corte de cabello y peinado"
"D023","Baños y masajes"
"D024","Permanentes y tintes"
"D025","Manicure"
"D026","Otros servicios: rasurar, depilar, etcétera"
"E001","Preescolar"
"E002","Primaria"
"E003","Secundaria"
"E004","Preparatoria o bachillerato"
"E005","Profesional"
"E006","Maestría y doctorado"
"E007","Educación Técnica"
"E008","Estancias infantiles (excepto preprimaria)"
"E009","Enseñanza adicional"
"E010","Educación especial para discapacitados"
"E011","Internados"
"E012","Cuidado de niños (persona particular)"
"E013","Transporte escolar"
"E014","Libros para la escuela"
"E015","Gastos recurrentes en educación, como: credenciales, seguro médico, seguro de vida, cuotas a padres de familia"
"E016","Pago de imprevistos como: derecho a examen, examen extraordinario, cursos de regularización, etcétera"
"E017","Equipo escolar: máquinas de escribir, calculadora, etcétera"
"E018","Gastos recurrentes en educación técnica: credenciales, seguro médico, seguro de vida, cuotas a padres de familia"
"E019","Pago de imprevistos para educación técnica, como: derecho a examen, cursos de regularización, etcétera"
"E020","Material para la educación adicional"
"E021","Reparación y/o mantenimiento de equipo escolar"
"E022","Enciclopedia y libros (excluya los de la escuela)"
"E023","Periódicos"
"E024","Revistas"
"E025","Audiocasetes, discos y discos compactos"
"E026","Otros"
"E027","Cines"
"E028","Teatros y conciertos"
"E029","Centros nocturnos (incluye alimentos, bebidas, tabaco, entrada, propinas, etcétera)"
"E030","Espectáculos deportivos"
"E031","Lotería y juegos de azar"
"E032","Cuotas a centros sociales, asociaciones, clubes, etcétera"
"E033","Renta de casetes para videojuegos, discos compactos y videocasetes"
"E034","Otros gastos de recreación: museo, ferias, juegos mecánicos, balnearios, etcétera"
"F001","Instalación de la línea de teléfono particular"
"F002","Teléfonos celulares, pago inicial y equipo"
"F003","Compra de tarjeta para servicio de teléfono celular"
"F004","Teléfono público"
"F005","Estampillas para correo, paquetería, telégrafo"
"F006","Otros servicios: Internet público, fax público, etcétera"
"F007","Gasolina Magna"
"F008","Gasolina Premium"
"F009","Diesel y gas"
"F010","Aceites y lubricantes"
"F011","Reparación de llantas"
"F012","Pensión y estacionamiento"
"F013","Lavado y engrasado"
"F014","Otros servicios: encerado, inflado de llantas, etcétera"
"G001","Cuota por la vivienda recibida como prestación en el trabajo"
"G002","Cuota de la vivienda en otra situación"
"G003","Cuota o pago a otro hogar"
"G004","Alquiler de terrenos"
"G005","Recolección de basura"
"G006","Cuotas de vigilancia"
"G007","Cuotas de administración"
"G008","Otros servicios"
"G009","Gas licuado de petróleo"
"G010","Petróleo"
"G011","Diesel"
"G012","Carbón"
"G013","Leña"
"G014","Combustible para calentar"
"G015","Velas y veladoras"
"G016","Otros combustibles: cartón, papel, etcétera"
"G101","Renta o alquiler de la vivienda"
"G102","Estimación del alquiler de la vivienda que es prestada"
"G103","Estimación del alquiler de vivienda propia y se está pagando"
"G104","Estimación del alquiler de la vivienda que es propia"
"G105","Estimación del alquiler de vivienda intestada o en litigio"
"G106","Estimación del alquiler de la vivienda en otra situación"
"R001","Energía eléctrica"
"R002","Agua"
"R003","Gas natural"
"R004","Impuesto predial"
"R005","Largas distancias de línea particular"
"R006","Llamadas locales de línea particular"
"R007","Teléfonos celulares (plan mensual)"
"R008","Internet"
"R009","Televisión de paga"
"R010","Paquete de Internet y teléfono"
"R011","Paquete de Internet, teléfono y televisión de paga"
"R012","Tenencia vehicular"
"R013","Alarmas para la casa"
"H001","Pantalones para niño de 0 a 4 años"
"H002","Trajes, sacos, conjuntos, abrigos, gabardinas e impermeables para niño de 0 a 4 años"
"H003","Camisas para niño de 0 a 4 años"
"H004","Playeras para niño de 0 a 4 años"
"H005","Camisetas para niño de 0 a 4 años"
"H006","Suéteres, sudaderas y chambritas para niño de 0 a 4 años"
"H007","Pants para niño de 0 a 4 años"
"H008","Trusas y bóxer para niño de 0 a 4 años"
"H009","Calcetines, calcetas y tines para niño de 0 a 4 años"
"H010","Calzones de hule para niño de 0 a 4 años"
"H011","Pañales de tela para niño de 0 a 4 años"
"H012","Telas, confecciones y reparaciones para niño de 0 a 4 años"
"H013","Otras prendas de vestir: baberos, delantales, fajillas, batas, pijamas, etcétera para niño de 0 a 4 años"
"H014","Pantalones para niña de 0 a 4 años"
"H015","Trajes, sacos, conjuntos, abrigos, gabardinas e impermeables para niña de 0 a 4 años"
"H016","Vestidos y faldas para niña de 0 a 4 años"
"H017","Playeras para niña de 0 a 4 años"
"H018","Camisetas para niña de 0 a 4 años"
"H019","Suéteres, sudaderas y chambritas para niña de 0 a 4 años"
"H020","Blusas para niña de 0 a 4 años"
"H021","Pants para niña de 0 a 4 años"
"H022","Pantaletas para niña de 0 a 4 años"
"H023","Calcetas, tobilleras y tines para niña de 0 a 4 años"
"H024","Calzones de hule para niña de 0 a 4 años"
"H025","Pañales de tela para niña de 0 a 4 años"
"H026","Telas, confecciones y reparaciones para niña de 0 a 4 años"
"H027","Otras prendas de vestir: baberos, delantales, fajillas, batas, pijamas, etcétera ( para niña de 0 a 4 años"
"H028","Pantalones para niño de 5 a 17 años"
"H029","Camisas para niño de 5 a 17 años"
"H030","Playeras para niño de 5 a 17 años"
"H031","Trajes, sacos, abrigos, gabardinas e impermeables para niño de 5 a 17 años"
"H032","Chamarras para niño de 5 a 17 años"
"H033","Suéteres y sudaderas para niño de 5 a 17 años"
"H034","Trusas y bóxer para niño de 5 a 17 años"
"H035","Camisetas para niño de 5 a 17 años"
"H036","Calcetines, calcetas y tines para niño de 5 a 17 años"
"H037","Pants para niño de 5 a 17 años"
"H038","Telas, confecciones y reparaciones para niño de 5 a 17 años"
"H039","Otras prendas de vestir para hombre: corbatas, batas, pijamas, etcétera para niño de 5 a 17 años"
"H040","Pantalones para niña de 5 a 17 años"
"H041","Blusas para niña de 5 a 17 años"
"H042","Playeras para niña de 5 a 17 años"
"H043","Trajes, sacos, conjuntos, abrigos, gabardinas e impermeables para niña de 5 a 17 años"
"H044","Vestidos para niña de 5 a 17 años"
"H045","Faldas para niña de 5 a 17 años"
"H046","Suéteres y sudaderas para niña de 5 a 17 años"
"H047","Chamarras para niña de 5 a 17 años"
"H048","Calcetas, tobilleras, tines y mallas para niña de 5 a 17 años"
"H049","Pantaletas y fajas para niña de 5 a 17 años"
"H050","Brassieres para niña de 5 a 17 años"
"H051","Fondos y corpiños para niña de 5 a 17 años"
"H052","Medias, pantimedias y tobimedias para niña de 5 a 17 años"
"H053","Pants para niña de 5 a 17 años"
"H054","Telas, confecciones y reparaciones para niña de 5 a 17 años"
"H055","Otras prendas de vestir para mujer: rebozo, pijamas, camisones, batas, etcétera para niña de 5 a 17 años"
"H056","Pantalones para hombre de 18 o más años"
"H057","Camisas para hombre de 18 o más años"
"H058","Playeras para hombre de 18 o más años"
"H059","Trajes, sacos, conjuntos, abrigos, gabardinas e impermeables para hombre de 18 o más años"
"H060","Suéteres y sudaderas para hombre de 18 o más años"
"H061","Chamarras para hombre de 18 o más años"
"H062","Trusas y bóxer para hombre de 18 o más años"
"H063","Camisetas para hombre de 18 o más años"
"H064","Calcetines, calcetas y tines para hombre de 18 o más años"
"H065","Pants para hombre de 18 o más años"
"H066","Telas, confecciones y reparaciones para hombre de 18 o más años"
"H067","Otras prendas de vestir para hombre: corbatas, batas, pijamas, etcétera para hombre de 18 o más años"
"H068","Pantalones para mujer de 18 o más años"
"H069","Blusas para mujer de 18 o más años"
"H070","Playeras para mujer de 18 o más años"
"H071","Trajes, sacos, conjuntos, abrigos, gabardinas e impermeables para mujer de 18 o más años"
"H072","Vestidos para mujer de 18 o más años"
"H073","Faldas para mujer de 18 o más años"
"H074","Suéteres y sudaderas para mujer de 18 o más años"
"H075","Chamarras para mujer de 18 o más años"
"H076","Calcetas, tobilleras, tines y mallas para mujer de 18 o más años"
"H077","Pantaletas y fajas para mujer de 18 o más años"
"H078","Brassieres para mujer de 18 o más años"
"H079","Fondos y corpiños para mujer de 18 o más años"
"H080","Medias, pantimedias y tobimedias para mujer de 18 o más años"
"H081","Pants para mujer de 18 o más años"
"H082","Telas, confecciones y reparaciones para mujer de 18 o más años"
"H083","Otras prendas de vestir para mujer: rebozos, pijamas, camisones, batas, etcétera  para mujer de 18 o más años"
"H084","Zapatos para niño de 0 a 4 años"
"H085","Botas para niño de 0 a 4 años"
"H086","Tenis para niño de 0 a 4 años"
"H087","Huaraches para niño de 0 a 4 años"
"H088","Sandalias para baño o descanso para niño de 0 a 4 años"
"H089","Pantuflas para niño de 0 a 4 años"
"H090","Zapatos y sandalias para vestir para niña de 0 a 4 años"
"H091","Botas para niña de 0 a 4 años"
"H092","Tenis para niña de 0 a 4 años"
"H093","Huaraches para niña de 0 a 4 años"
"H094","Sandalias para baño o descanso para niña de 0 a 4 años"
"H095","Pantuflas para niña de 0 a 4 años"
"H096","Zapatos para niño de 5 a 17 años"
"H097","Botas para niño de 5 a 17 años"
"H098","Tenis para niño de 5 a 17 años"
"H099","Huaraches para niño de 5 a 17 años"
"H100","Sandalias para baño o descanso para niño de 5 a 17 años"
"H101","Pantuflas para niño de 5 a 17 años"
"H102","Zapatos y sandalias para vestir para niña de 5 a 17 años"
"H103","Botas para niña de 5 a 17 años"
"H104","Tenis para niña de 5 a 17 años"
"H105","Huaraches para niña de 5 a 17 años"
"H106","Sandalias para baño o descanso para niña de 5 a 17 años"
"H107","Pantuflas para niña de 5 a 17 años"
"H108","Zapatos para hombre de 18 o más años"
"H109","Botas para hombre de 18 o más años"
"H110","Tenis para hombre de 18 o más años"
"H111","Huaraches para hombre de 18 o más años"
"H112","Sandalias para baño o descanso para hombre de 18 o más años"
"H113","Pantuflas para hombre de 18 o más años"
"H114","Zapatos y sandalias para vestir para mujer de 18 o más años"
"H115","Botas para mujer de 18 o más años"
"H116","Tenis para mujer de 18 o más años"
"H117","Huaraches para mujer de 18 o más años"
"H118","Sandalias para baño o descanso para mujer de 18 o más años"
"H119","Pantuflas para mujer de 18 o más años"
"H120","Servicio de limpieza y reparación de calzado"
"H121","Crema para calzado"
"H122","Otros: agujetas, cepillos, etcétera"
"H123","Bolsas"
"H124","Cinturones, carteras y monederos"
"H125","Diademas"
"H126","Encendedores, cigarreras y polveras"
"H127","Joyería de fantasía"
"H128","Portafolios"
"H129","Relojes de pulso"
"H130","Sombreros, gorros y cachuchas"
"H131","Otros accesorios: lentes oscuros, etcétera"
"H132","Artículos y accesorios para el cuidado del bebé"
"H133","Reparación y/o mantenimiento de los artículos anteriores"
"H134","Uniformes y prendas de vestir para actividades educativas, artísticas y deportivas"
"H135","Prendas de vestir para eventos especiales derivados de la educación"
"H136","Telas, confecciones y reparaciones"
"I001","Vajilla completa de cristal, barro, plástico, etcétera"
"I002","Piezas sueltas de vajilla de cristal, barro, plástico, etcétera"
"I003","Recipientes o cajas de plástico para la cocina"
"I004","Vasos, copas y jarras de cristal, plástico, cerámica, etcétera"
"I005","Cubiertos"
"I006","Plantas y flores artificiales, objetos de cerámica, orfebrería, porcelana, y otros artículos decorativos"
"I007","Accesorios de hule y plástico: jabonera, tapetes, espejos, etc."
"I008","Reloj de pared o mesa"
"I009","Batería de cocina y piezas sueltas"
"I010","Olla express"
"I011","Otros utensilios: tijeras, abrelatas, pinzas para hielo, etc."
"I012","Herramientas: martillo, pinzas, taladro, etcétera"
"I013","Reparación y/o mantenimiento de los artículos anteriores"
"I014","Colchones"
"I015","Colchonetas"
"I016","Cobertores y cobijas"
"I017","Sábanas"
"I018","Fundas"
"I019","Colchas, edredones"
"I020","Manteles y servilletas"
"I021","Toallas"
"I022","Cortinas"
"I023","Telas, confecciones y reparaciones de artículos anteriores"
"I024","Hilos, hilazas y estambres"
"I025","Agujas, cierres, botones y broches"
"I026","Otros artículos: hamacas, almo-hadas, cojines, etc."
"J001","Honorarios por servicios profesionales: cirugía, anestesia, etcétera, durante el parto"
"J002","Hospitalización, durante el parto"
"J003","Análisis clínicos y estudios médicos: Rayos X, ultrasonido, etcétera, durante el parto"
"J004","Medicamentos recetados y material de curación, durante el parto"
"J005","Servicios de partera, durante el parto"
"J006","Otros: servicio de ambulancia, etcétera, durante el parto"
"J007","Consultas médicas, durante el embarazo"
"J008","Consultas, placas, puentes dentales y otros, durante el embarazo"
"J009","Medicamentos recetados, durante el embarazo"
"J010","Vitaminas y complementos alimenticios, durante el embarazo"
"J011","Análisis clínicos y estudios médicos: rayos X, ultrasonidos, durante el embarazo"
"J012","Hospitalización durante el embarazo (no parto)"
"J013","Servicios de partera, durante el embarazo"
"J014","Hierbas medicinales, remedios caseros, etcétera, durante el embarazo"
"J015","Otros servicios: ambulancia, aplicación de inyecciones, vacunas, etcétera, durante el embarazo"
"J016","Consultas médico general"
"J017","Consultas médico especialista (pediatría y ginecología, etc.)"
"J018","Consultas dentales (placas dentales o prótesis dentales, etc.)"
"J019","Análisis clínicos y estudios médicos: rayos X"
"J020","Medicamentos recetados para: diarrea, infecciones y malestar estomacal"
"J021","Medicamentos recetados para: gripe"
"J022","Medicamentos recetados para: piel"
"J023","Medicamentos recetados para: alergias"
"J024","Medicamentos recetados para: tos"
"J025","Medicamentos recetados para: infecciones de la garganta"
"J026","Medicamentos recetados para: fiebre"
"J027","Medicamentos recetados para: inflamación"
"J028","Medicamentos recetados para: otras infecciones (antibióticos)"
"J029","Medicamentos recetados para: dolor de cabeza y migraña"
"J030","Medicamentos recetados para: otro tipo de dolores"
"J031","Medicamentos recetados para: presión arterial"
"J032","Medicamentos recetados para: diabetes"
"J033","Medicamentos recetados para: vitaminas"
"J034","Medicamentos recetados para: anticonceptivos"
"J035","Otros medicamentos recetados"
"J036","Consultas médicas para el control de peso"
"J037","Medicamentos y productos para el control de peso"
"J038","Tratamiento para el control de peso"
"J039","Honorarios por servicios profesionales: cirujano, anestesista, etc."
"J040","Hospitalización"
"J041","Análisis clínicos y estudios médicos (rayos X, electros, etc.)"
"J042","Medicamentos recetados y material de curación"
"J043","Otros: servicios de ambulancia, oxígeno, suero, sondas, bolsas de diálisis y de orina, cómodos, etc."
"J044","Medicamentos sin receta para: diarrea, infecciones y malestar estomacal"
"J045","Medicamentos sin receta para: gripe"
"J046","Medicamentos sin receta para: piel"
"J047","Medicamentos sin receta para: alergias"
"J048","Medicamentos sin receta para: tos"
"J049","Medicamentos sin receta para: infecciones de la garganta"
"J050","Medicamentos sin receta para: fiebre"
"J051","Medicamentos sin receta para: inflamación"
"J052","Medicamentos sin receta para: otras infecciones (antibióticos)"
"J053","Medicamentos sin receta para: dolor de cabeza y migraña"
"J054","Medicamentos sin receta para: otro tipo de dolores"
"J055","Medicamentos sin receta para: vitaminas"
"J056","Medicamentos sin receta para: presión arterial"
"J057","Medicamentos sin receta para: diabetes"
"J058","Medicamentos sin receta para: anticonceptivos"
"J059","Otros medicamentos sin receta"
"J060","Algodón, gasas, vendas, etc."
"J061","Alcohol, merthiolate, solución antiséptica, etcétera"
"J062","Consultas con el curandero, huesero, quiropráctico, etcétera"
"J063","Medicamento naturista, hierbas medicinales, remedios caseros"
"J064","Medicamento homeopático"
"J065","Anteojos y lentes de contacto"
"J066","Aparatos para sordera"
"J067","Aparatos ortopédicos y para terapia, silla de ruedas, andadera, muletas, etcétera"
"J068","Reparación y mantenimiento de aparatos ortopédicos"
"J069","Otros: pago de enfermeras y personal al cuidado de enfermos, terapias, etcétera"
"J070","Cuotas a hospitales o clínicas"
"J071","Cuotas a compañías de seguros"
"J072","Cuotas de seguro popular"
"K001","Ventilador"
"K002","Aparatos telefónicos"
"K003","Identificador de llamadas, fax, etc."
"K004","Aparatos de aire acondicionado para casa (incluye refrigeración o clima)"
"K005","Máquina de coser y accesorios"
"K006","Cocina integral"
"K007","Estufa de gas"
"K008","Estufa de otro combustible: electricidad, petróleo"
"K009","Refrigerador"
"K010","Licuadora"
"K011","Batidora"
"K012","Plancha"
"K013","Extractor de jugos"
"K014","Horno de microondas"
"K015","Lavadora"
"K016","Aspiradora"
"K017","Calentador de gas"
"K018","Calentador de otro combustible"
"K019","Lámparas eléctricas (incluye candiles)"
"K020","Lámparas de otro combustible"
"K021","Tanque de gas e instalación"
"K022","Lavadero, tinaco y bomba de agua"
"K023","Compra e instalación de paneles solares y planta de luz propia"
"K024","Otros aparatos: tostador, calefactor, horno eléctrico, etcétera"
"K025","Reparación, y/o mantenimiento de los artículos anteriores"
"K026","Juego de recámara"
"K027","Piezas sueltas de recámara: camas, tocadores, literas, etcétera"
"K028","Juego de comedor o antecomedor"
"K029","Piezas sueltas para comedor o antecomedor (mesas, sillas)"
"K030","Juego de sala"
"K031","Piezas sueltas para sala (mesa de centro) Muebles"
"K032","Muebles para cocina (gabinete, mesa, etcétera)"
"K033","Muebles para baño (taza, tina, tina de hidromasaje, etcétera)"
"K034","Muebles para jardín"
"K035","Alfombras y tapetes"
"K036","Otros muebles: libreros, escritorio, mesa para televisión, etcétera"
"K037","Reparación y/o mantenimiento de los artículos anteriores"
"K038","Materiales para reparación y mantenimiento"
"K039","Servicios de reparación y mantenimiento"
"K040","Materiales para ampliación y remodelación"
"K041","Servicios para ampliación y remodelación"
"K042","Materiales para reparación y mantenimiento"
"K043","Servicios de reparación y mantenimiento"
"K044","Materiales para ampliación, construcción y remodelación"
"K045","Servicios para ampliación, construcción y remodelación"
"L001","Radio y radio despertador"
"L002","Estéreo y modular"
"L003","Grabadora"
"L004","Televisión blanco y negro (incluye portátil)"
"L005","Televisión color (incluye portátil), LCD y plasma"
"L006","Lector de DVD y Blu-Ray (incluye portátil)"
"L007","Computadora"
"L008","Accesorios para computadora (mouse, memorias usb, etc)"
"L009","Decodificador de T.V., control remoto, etcétera"
"L010","Accesorios: bocinas, audífonos, antena aérea, control remoto, etc."
"L011","Videocasetes, cartuchos y discos para videojuegos"
"L012","Reproductor de discos compactos, MP3 y IPod (MP4)"
"L013","Reproductor de discos compactos, DVD para vehículos y autoestéreo"
"L014","Alquiler de televisión, videocaseteras, computadoras, etcétera"
"L015","Otros aparatos: Walkman, etc."
"L016","Reparación y/o mantenimiento de los artículos anteriores"
"L017","Proyectores"
"L018","Cámaras fotográficas y de video"
"L019","Material fotográfico, películas"
"L020","Servicio fotográfico, revelado e impresión"
"L021","Otros artículos y servicios: tripié, alquiler de equipo, proyectores, etc."
"L022","Reparación y mantenimiento de los artículos anteriores"
"L023","Juguetes, juegos de mesa"
"L024","Juegos electrónicos, videojuegos"
"L025","Instrumentos musicales"
"L026","Artículos de deporte y cacería (aparatos para ejercicio, etcétera)"
"L027","Artículos de jardinería: plantas, flores, macetas, tierra, abonos"
"L028","Reparación y/o mantenimiento de los artículos anteriores."
"L029","Compra y cuidado de animales domésticos: patos, perros, etcétera"
"M001","Transporte foráneo"
"M002","Transporte ferroviario"
"M003","Transporte aéreo"
"M004","Servicio de carga y mudanza"
"M005","Cuotas de autopista"
"M006","Otros: lancha, barco, carreta, alquiler de vehículos, etcétera"
"M007","Automóvil y/o guayín"
"M008","Camioneta (pick up)"
"M009","Motoneta, motocicleta"
"M010","Bicicleta"
"M011","Otros: remolque, lancha, triciclo, etcétera"
"M012","Llantas"
"M013","Acumulador"
"M014","Refacciones: bujías, bandas, filtros, etcétera"
"M015","Partes de vehículos: vidrios, salpicaderas, etcétera"
"M016","Accesorios: espejos, manijas, antenas, etcétera"
"M017","Servicios de afinación, alineación y balanceo"
"M018","Otros servicios: ajuste de motor, de frenos, hojalatería, pintura, etcétera"
"N001","Servicios profesionales de abogados, notarios, arquitectos, etcétera (no médicos)"
"N002","Funerales y cementerios"
"N003","Paquetes para fiesta (salón, comida, orquesta)"
"N004","Gastos turísticos: paquetes, hospedajes, alimentos, tours, etcétera"
"N005","Hospedaje o alojamiento sin fines turísticos (con o sin alimentos)"
"N006","Gastos en cargos comunales para festividades locales"
"N007","Contribuciones para obras del servicio público local"
"N008","Seguro de automóvil"
"N009","Seguros contra incendio, daños y riesgos para la vivienda, educación y seguro de vida (no capitalizable)"
"N010","Otros gastos diversos no comprendidos en las categorías anteriores"
"N011","Indemnizaciones pagadas a terceros"
"N012","Pérdidas y robos en dinero (excluya negocios)"
"N013","Ayuda a parientes y personas ajenas al hogar (en dinero)"
"N014","Contribuciones a instituciones benéficas en dinero, iglesias, cruz roja, incluye servicios eclesiásticos"
"N015","Servicios del sector público: expedición de pasaporte, actas, títulos, etcétera"
"N016","Trámites para vehículos: licencias, placas, verificación vehicular, etcétera"
"T901","Alimentos, bebidas y tabaco"
"T902","Transporte (pasajes)"
"T903","Artículos o servicios destinados a la limpieza y cuidados de la casa"
"T904","Artículos o servicios destinados a cuidados personales"
"T905","Artículos o servicios destinados a educación, cultura y recreación"
"T906","Artículos o servicios destinados a la comunicación y servicios para vehículos"
"T907","Artículos o servicios destinados a vivienda y servicios de conservación"
"T908","Último recibo pagado"
"T909","Prendas de vestir, calzado y accesorios"
"T910","Cristalería, blancos y utensilios domésticos"
"T911","Artículos o servicios destinados a cuidados de la salud"
"T912","Enseres domésticos y mantenimiento de la vivienda"
"T913","Artículos de esparcimiento"
"T914","Artículos o servicios destinados al transporte"
"T915","Gastos diversos"
"T916","Erogaciones financieras y de capital"
"Q001","Depósitos en cuentas de ahorro, tandas, cajas de ahorro, etcétera"
"Q002","Préstamos a personas ajenas al hogar"
"Q003","Pagos a tarjeta de crédito bancaria o comercial (incluye intereses)"
"Q004","Pago de deudas a la empresa donde trabajan y/o a otras personas o instituciones (excluya créditos hipotecarios)"
"Q005","Pago de intereses por préstamos recibidos"
"Q006","Compra de monedas nacionales o extranjeras, metales preciosos, alhajas, obras de arte, etcétera"
"Q007","Seguro de vida capitalizable"
"Q008","Herencias, dotes y legados"
"Q009","Compra de casas, condominios, locales o terrenos que no habita el hogar"
"Q010","Compra de terrenos, casas o condominios que habita el hogar"
"Q011","Pago de hipotecas de bienes inmuebles: casas, locales, terrenos, edificios, etcétera"
"Q012","Otras erogaciones no consideradas en las preguntas anteriores"
"Q013","Compra de maquinaria, equipo, animales destinados a la reproducción, utilizados en negocios del hogar"
"Q014","Balance negativo en negocios del hogar agropecuarios y no agropecuarios"
"Q015","Compra de valores: cédulas, acciones y bonos"
"Q016","Compra de marcas, patentes y derechos de autor"
"Q100","Pago de la vivienda propia y que se está pagando"